,Country Name,2010,2011,2012,2013,2014,2015,2016,2017,2018
0,Aruba,32624.209089999997,34326.14482,33569.1865,36477.779389999996,36444.26206,36765.11607,37359.373439999996,38442.41384,
1,Afghanistan,1710.575645,1699.487997,1914.7743510000003,2015.5149620000002,2069.4246420000004,2087.305323,2128.988026,2202.570851,2241.9232460000003
2,Angola,6587.986901,6710.750346,7412.965262999999,7682.477158,8179.296006999999,7337.5695590000005,7103.225938,7310.901738,7097.118768
3,Albania,9635.183331999999,10207.76944,10526.29502,10570.97718,11259.24621,11661.97687,12002.9319,13037.01002,13833.9816
4,Andorra,,,,,,,,,
5,Arab World,15025.467569999999,15514.35893,16546.023709999998,16501.66971,16213.193330000002,14609.63202,14012.697930000002,14557.768469999999,14972.430730000002
6,United Arab Emirates,64881.85646,67686.39295,69102.49128999999,70374.22006,73619.10058,64901.852020000006,63968.853870000006,67183.62656,68548.51472
7,Argentina,18061.93436,19322.22712,19641.35286,20131.68042,19683.77151,20105.19899,20307.87005,23562.918830000002,23282.63704
8,Armenia,7506.308865000001,8025.452905,9364.407767,9835.833011,10036.88984,9969.685301000001,10704.233409999999,12115.057009999999,13014.99203
9,American Samoa,,,,,,,,,
10,Antigua and Barbuda,20611.91407,20347.184540000002,19597.59032,18796.39395,19039.0045,18912.31748,19918.79063,19840.076119999998,21614.06606
11,Australia,39301.60265,41965.35842,42826.789580000004,45902.04795,46880.22066,46276.150689999995,47349.92795,48905.4172,51036.405889999995
12,Austria,42037.49048,44452.73275,46457.34578,47922.049119999996,48799.715469999996,49879.26647,52633.25429,54637.00128,56871.2114
13,Azerbaijan,14926.63764,14804.57445,15957.71885,17188.945509999998,17443.878259999998,14938.401130000002,14371.02274,14121.40694,14544.95336
14,Burundi,663.0547952000001,681.9716212999999,690.6881405,740.9842308,777.0415572,841.6463572,796.9443873,773.5718584,779.4938183999999
15,Belgium,39866.727269999996,40942.37271,42290.76205,43671.119589999995,44929.68559,46213.26653,48608.957780000004,50725.186310000005,52249.57346
16,Benin,2364.118351,2416.327107,2498.497313,2669.689821,2833.411926,2886.8318670000003,3004.8091870000003,3044.513887,3235.361695
17,Burkina Faso,1502.10347,1586.571556,1619.4000119999998,1683.107411,1692.3043969999999,1713.5193789999998,1893.696435,2053.504418,2181.845865
18,Bangladesh,2439.069568,2620.822484,2937.588452,3143.518357,3367.995525,3555.50551,3849.1109869999996,4161.090135,4546.227418
19,Bulgaria,14872.37421,15661.201930000001,16241.633069999998,16581.77059,17555.49504,18341.960590000002,19885.78187,21363.02909,22601.40349
20,Bahrain,46873.09888,47377.572439999996,50675.58204,51494.41172,51101.90053,45686.24664,44790.08785,47642.44829,47333.4912
21,"Bahamas, The",31090.26448,31522.605030000002,32216.49207,31855.299769999998,32562.33142,33542.153589999994,34182.60462,35308.4134,36338.24768
22,Bosnia and Herzegovina,9354.550815,9976.496637,10304.07475,11016.54419,11433.16261,12013.91994,12990.015809999999,13788.48206,14932.37321
23,Belarus,15349.228130000001,16543.04373,18071.5056,18948.46847,18955.907030000002,18041.2425,17725.75218,18280.19892,19330.86888
24,Belize,7563.95958,7684.817622,7272.870015,7226.994831,7170.529464,7244.391078000001,7179.462319,7108.8667,7287.084978
25,Bermuda,61837.425729999995,61550.22479,58563.34541,59474.59847999999,,,,,
26,Bolivia,5167.113773,5460.25549,5921.64949,6624.805273,7056.828390000001,7133.874461,7499.778858,8423.696794,8859.773727
27,Brazil,14299.5517,15040.058180000002,15046.289880000002,15588.726209999999,15718.56565,14744.11291,14256.16325,14519.84913,14940.67261
28,Barbados,16127.811380000001,16304.382419999998,15310.006000000001,15334.72037,15175.495640000001,15510.82429,15952.07031,15788.82052,16044.7278
29,Brunei Darussalam,80277.54569,83935.01251,88247.72774,83787.06062,81373.01807,62541.680360000006,56296.019770000006,60995.681110000005,61813.89516
30,Bhutan,6693.506149,7295.842804999999,7912.133367,7989.655431,8666.419567,9500.768189,10457.2018,11142.39995,11613.162470000001
31,Botswana,13352.300220000001,14252.712930000002,13590.51537,14707.7017,16300.837109999999,15547.17588,17260.263590000002,17253.23161,18050.25374
32,Central African Republic,958.9204483999999,1012.658089,1102.026532,738.4753903,720.3234642000001,787.0130816000001,851.0719211,912.8020523,955.1280615000001
33,Canada,40019.2054,41569.44962,42290.965410000004,44298.57873,45753.75055,44671.44068,46480.46536,48633.82978,50077.796239999996
34,Central Europe and the Baltics,20750.036369999998,22153.15055,22972.82978,23970.932269999998,24984.9667,26091.07345,27753.14213,29927.551860000003,31739.72567
35,Switzerland,53107.38549,56183.83259,57849.58399,60108.51635,61902.162410000004,63938.97998,65720.14653,67139.04992,69357.48606
36,Channel Islands,,,,,,,,,
37,Chile,18161.80392,20342.57092,21507.7074,22439.27836,22786.6556,22688.01003,22710.01706,23663.885290000002,24765.23459
38,China,9253.758638,10299.87111,11197.5979,11923.75202,12549.77174,12978.76857,13572.62073,14344.4204,15602.941469999998
39,Cote d'Ivoire,2522.36493,2404.04228,2626.068383,2828.4013410000002,3127.479168,4652.8906210000005,4726.983121,4830.751701,5147.587090999999
40,Cameroon,2681.886817,2773.896667,2855.446156,3002.610781,3185.355149,3260.524969,3405.057589,3554.525156,3688.5815340000004
41,"Congo, Dem. Rep.",633.9131237,668.940861,669.567462,753.4851364,849.7607955,905.4504568,963.6693088999999,1059.810775,1111.5174470000002
42,"Congo, Rep.",4878.074711,5008.388803,4897.749802,4761.545672,4700.528126,3338.900972,3397.563518,3448.5372079999997,3494.985739
43,Colombia,10731.64568,11604.01283,12018.357320000001,12727.279059999999,13306.99867,13265.79726,13952.13615,14316.48581,14965.895359999999
44,Comoros,2252.8907719999997,2337.0573879999997,2511.485162,2636.49431,2716.827525,2709.600878,2863.870042,3032.2546820000002,3139.205772
45,Cabo Verde,5692.433557,5966.871922,5818.972162,5792.829274000001,5748.173874,5994.372832,6322.8418090000005,6643.204611,7026.120161
46,Costa Rica,12725.152329999999,13387.57215,14091.528890000001,14651.15236,15622.93048,16586.353030000002,18008.59989,19112.40889,19873.13955
47,Caribbean small states,14461.649330000002,14824.1738,14778.90619,15021.5393,15138.1976,14836.103669999999,14785.42175,15238.584180000002,15727.035909999999
48,Cuba,,,,,,,,,
49,Curacao,26884.27092,27224.40097,26175.4939,25921.15841,25379.2977,25090.20812,24808.40367,25475.48966,25571.64676
50,Cayman Islands,63298.17765,64013.63594,62801.22815,62441.04907000001,63067.41992000001,64230.41201,66490.48877000001,69420.51146000001,72480.50701
51,Cyprus,33445.90649,33313.57915,31834.67636,30375.10632,30042.827110000002,31722.216210000002,35388.83253,37766.90166,39737.325189999996
52,Czech Republic,27688.14266,28797.417960000002,29047.24644,30485.71415,32263.31575,33691.42424,35876.727439999995,38489.49631,40389.35761
53,Germany,38978.7437,42541.53109,43359.61483,44993.89275,47011.55109,47683.7886,50564.25131,53011.76816,54456.929260000004
54,Djibouti,,,,4103.955142,4289.086748,4574.474876,4692.575942,4885.220563,5337.124925
55,Dominica,10017.62053,10198.54896,9945.288445999999,10146.34798,10910.29745,11139.94898,11949.53406,11304.359709999999,11805.55362
56,Denmark,43031.80733,44403.38484,44803.968239999995,46726.854139999996,47901.447360000006,49058.50107,51970.7498,55064.90886,57218.40645
57,Dominican Republic,11410.34875,11869.13398,11900.491000000002,12482.1646,13475.016469999999,14740.8197,16109.855919999998,16735.33259,18129.70864
58,Algeria,13095.86782,13500.47566,13303.4155,13056.78872,13003.193229999999,12015.64908,11624.31583,11550.55546,11750.37917
59,East Asia & Pacific (excluding high income),8703.916277,9550.239475,10355.35465,10953.565270000001,11464.02972,11794.39154,12313.16888,12986.29651,14049.699690000001
60,Early-demographic dividend,6929.902806,7333.796251000001,7704.225576999999,7944.0956129999995,8166.747022,8264.965368000001,8552.928933,8977.606584000001,9444.79592
61,East Asia & Pacific,11732.33495,12620.67095,13466.26846,14173.56608,14695.65656,15114.12041,15607.377180000001,16334.37469,17399.66937
62,Europe & Central Asia (excluding high income),15276.54089,16850.66588,17856.12033,19246.54111,19657.10755,19192.60653,19570.01631,20831.07307,22204.78387
63,Europe & Central Asia,26123.37009,27663.18532,28424.24551,29721.71359,30468.497839999996,30891.08695,32293.08774,34069.87487,35535.34435
64,Ecuador,9090.308234,9857.521816,10311.4026,11153.6845,11713.1715,11060.287629999999,11034.26985,11617.90876,11834.57087
65,"Egypt, Arab Rep.",9522.510199,9686.046378000001,11092.74326,11221.38191,10895.94485,11512.402390000001,11192.37289,11014.48614,11634.54685
66,Euro area,35795.60234,37435.6766,37801.90603,38981.95278,39949.92374,41058.21372,43532.31908,45748.61085,47283.03595
67,Eritrea,1485.198435,1625.5061560000001,,,,,,,
68,Spain,31703.86576,31867.97324,31720.12,32434.0032,33525.74063,34912.47613,37282.44251,39575.53515,40482.58901
69,Estonia,21809.423909999998,24777.46819,26190.55295,27642.585369999997,29135.7044,29397.129839999998,31231.47115,33820.91873,36358.027760000004
70,Ethiopia,1028.324031,1134.784848,1213.596465,1283.5709259999999,1513.703841,1657.3450990000001,1878.812497,2021.561046,2153.149415
71,European Union,32871.06893,34465.41987,34937.29121,36087.54315,37076.05696,38227.798039999994,40553.15243,42792.2547,44386.66566
72,Fragile and conflict affected situations,4530.852346,4498.878763000001,4823.179108,4981.077528,5039.72346,4796.426703,4690.976009,4856.990623,4980.644275
73,Finland,38982.53342,40916.83858,40873.095330000004,41493.14165,41757.40219,42509.131310000004,44929.90878,47481.21382,49373.18396
74,Fiji,7914.082517,8263.064602,8839.474989,9536.260248,11346.867209999999,12412.422129999999,12632.01356,13429.31593,14133.89333
75,France,35926.90563,37440.63863,37679.12178,39523.85395,40144.02683,40860.91122,42920.26682,44826.50747,46605.18634
76,Faroe Islands,,,,,,,,,
77,"Micronesia, Fed. Sts.",3265.69266,3422.289681,3388.224357,3276.3005350000003,3215.1746239999998,3354.508153,3380.736875,3497.917295,3550.41595
78,Gabon,14837.07183,15638.691469999998,15356.19154,15114.369190000001,15370.97615,14699.56624,14286.25374,15006.76409,15091.288069999999
79,United Kingdom,36367.92053,37161.554130000004,38311.8972,39970.99607,41265.938089999996,42518.141260000004,44162.55117,45974.86435,46956.07776
80,Georgia,7564.063061,8360.297207,9826.052753,10611.77412,11575.547209999999,12089.169409999999,12858.4834,13589.707390000001,14593.504869999999
81,Ghana,2973.832821,3379.4849979999995,3781.8662560000002,5259.618069,5454.143893,5117.337095,4890.018963,4996.638706000001,5317.011759
82,Gibraltar,,,,,,,,,
83,Guinea,1653.718154,1743.9471010000002,1795.4483129999999,1811.334347,1804.54215,1819.363616,2078.593007,2420.600993,2557.3808089999998
84,"Gambia, The",2434.891249,2215.751109,2199.7881429999998,2121.4863920000003,2027.0313489999999,2066.859359,2068.742988,2072.65245,2194.822159
85,Guinea-Bissau,1338.984566,1439.2898810000002,1355.3152519999999,1364.3852650000001,1378.232654,1597.2088509999999,1746.7498059999998,1925.2377370000002,1995.1721559999999
86,Equatorial Guinea,32965.89959,34280.25489,37570.6354,34766.01158,33696.126410000004,24042.49709,20458.81227,22551.08325,20840.27477
87,Greece,28169.490019999997,26141.31959,25284.46408,26097.8719,26838.45523,26902.525319999997,27823.361839999998,29089.014010000003,30354.349
88,Grenada,10862.86744,11115.70696,11164.43872,11887.57767,13041.81611,14152.41757,15025.82166,16217.49985,17197.658069999998
89,Greenland,,,,,,,,,
90,Guatemala,6728.246726,7025.674554000001,7320.153417,7446.587990999999,7758.493152,8194.440681,8221.746427,8317.364117000001,8647.821544
91,Guam,,,,,,,,,
92,Guyana,6512.324954,6969.7085019999995,7380.61593,7901.951451999999,8165.721012999999,8365.612084,8830.397993,8989.038273999999,9531.884623
93,High income,39052.58188,40671.70461,41804.694169999995,43170.38622,44319.63165,45093.903269999995,46371.74953,48341.6938,50195.06277
94,"Hong Kong SAR, China",49185.23074,52277.46644,52234.592319999996,53691.837479999995,54781.64716,56408.936270000006,57221.41376,59849.248179999995,62513.0323
95,Honduras,3778.460561,3928.268075,4032.581323,4142.239868,4452.583019,4823.389044,5147.244578,5561.996311999999,5806.101014
96,Heavily indebted poor countries (HIPC),1846.218368,1933.2490309999998,1970.730222,2101.673875,2231.977866,2333.767766,2378.586907,2461.567393,2557.307277
97,Croatia,19776.1961,20743.52773,21136.47821,21769.18988,22062.07295,23013.49805,24718.129680000002,26595.73884,28038.685410000002
98,Haiti,1527.768855,1621.230334,1590.0168529999999,1680.9640980000001,1718.933916,1704.9305809999998,1757.385146,1763.663261,1808.8760320000001
99,Hungary,21586.03614,22894.34764,23148.12788,24498.17916,25604.98821,26668.04088,27699.63094,29529.309230000003,31578.7598
100,IBRD only,9270.631619,9983.316284,10598.947479999999,11095.96363,11425.40288,11515.87766,11920.47939,12544.85315,13366.333279999999
101,IDA & IBRD total,7742.3567920000005,8299.768891,8771.663581,9171.076901,9442.920135,9517.060585,9815.454634,10293.46175,10928.09689
102,IDA total,2820.668489,2944.574041,3028.486958,3197.754156,3373.906614,3482.805263,3540.766737,3669.3284240000003,3851.577803
103,IDA blend,4001.2503079999997,4168.395869,4235.205777,4403.486463,4612.694861,4679.975745000001,4673.340198,4779.915743,4979.694775999999
104,Indonesia,8505.748534999999,9095.733633,9713.873158,10067.42225,10278.13992,10247.20638,10494.56047,10935.84175,11639.86506
105,IDA only,2214.57294,2314.920816,2408.2812329999997,2579.3399879999997,2739.2984030000002,2873.8778629999997,2969.948237,3113.963425,3290.302852
106,Isle of Man,,,,,,,,,
107,India,4236.744324,4493.667896,4861.146371,5057.217581,5233.868543,5464.859141,5839.898589,6185.993893,6650.1121490000005
108,Not classified,,,,,,,,,
109,Ireland,43327.40242,44855.3247,46256.56888,47897.29166,51067.97671,69056.04604,71921.71705,78128.18157999999,84459.65164
110,"Iran, Islamic Rep.",17388.89561,18008.802519999997,15950.10453,15273.846309999999,15235.70484,13588.4676,14011.54513,14535.86306,
111,Iraq,12717.01756,13515.548130000001,15163.35062,15535.35112,14267.035609999999,10391.77771,9897.001441,10971.97001,10911.63791
112,Iceland,39606.59579,40767.235510000006,41926.34162,44157.55212,45714.79266,48854.34544,53025.439510000004,55562.426620000006,57742.150279999994
113,Israel,28824.193989999996,30539.963369999998,31693.917869999997,34145.7126,34212.944489999994,35436.81087,37843.977810000004,38966.66269,40261.33803
114,Italy,35181.96842,36598.01497,36486.29679,36314.6971,36194.87392,36909.328369999996,39922.90848,41784.624710000004,42816.20297
115,Jamaica,7900.210723,8159.884828,8187.182151000001,8442.031543000001,8544.230186,8791.297949,9193.375792,9598.370957,9967.768023999999
116,Jordan,9384.458915000001,9313.257679,9111.60944,9215.339765,9050.628455,9331.339833,9283.870670999999,9841.169557,10086.449540000001
117,Japan,34986.99454,35774.696710000004,37191.38595,38974.07949,39179.15561,40396.24321,39970.67985,40858.88438,41335.523219999995
118,Kazakhstan,19225.07691,20779.445509999998,22032.17586,24504.767519999998,24726.472869999998,23224.11784,23818.82483,24862.966119999997,26147.04607
119,Kenya,2311.976876,2437.881,2530.3479850000003,2767.402811,3021.4331230000003,3361.977348,3635.2650280000003,4046.208425,4302.999065
120,Kyrgyz Republic,3085.6519359999998,3297.366837,3618.1497259999996,4042.8930530000002,4281.824074,4214.829509,4681.174733,5046.691535,5254.278486
121,Cambodia,2427.2433140000003,2611.30599,2868.737515,3045.590555,3185.336898,3388.7374200000004,3675.037921,3928.373688,4257.484976
122,Kiribati,1716.059227,1749.233461,1837.991938,1921.614459,1917.627413,2110.117273,2210.969175,2240.544687,2312.2544780000003
123,St. Kitts and Nevis,22094.67597,22768.3058,21486.87409,22152.01154,23951.274390000002,23921.991619999997,24927.1923,25355.517180000003,26510.982819999997
124,"Korea, Rep.",31740.459560000003,32546.75365,33557.12872,34244.312139999995,35324.49767,37907.50031,39567.01662,41001.066889999995,42136.080389999996
125,Kuwait,73965.97061,78178.0723,82680.38125,78058.51287,70082.42486,47230.62319,44685.35062,50855.49996,51669.73342
126,Latin America & Caribbean (excluding high income),13027.148490000001,13863.365580000002,14119.9994,14583.509409999999,14891.33929,14660.56889,14893.0508,15525.4927,15983.81416
127,Lao PDR,3822.6271420000003,4150.824173,4841.643061,5289.476389,5873.755489,6168.477642,6843.561581999999,7257.807932,7771.986954000001
128,Lebanon,14961.74399,14668.51067,14816.87782,14972.716480000001,15026.336140000001,15067.7746,15487.10925,16005.25704,15980.40757
129,Liberia,1022.0567470000001,1093.541137,1174.049107,1339.301184,1381.9402539999999,1292.096518,1379.055624,1515.64325,1532.32917
130,Libya,29895.2196,11482.098820000001,24285.30012,19869.11098,14303.01749,12220.0234,11108.716840000001,13237.998529999999,15372.36735
131,St. Lucia,12413.398000000001,13256.49611,13080.3874,13489.111369999999,13761.12341,13551.746819999998,14291.36489,14945.758999999998,15621.59831
132,Latin America & Caribbean,13404.79596,14283.72121,14573.53534,15060.951319999998,15382.06951,15173.387509999999,15411.558819999998,16060.575869999999,16544.41589
133,Least developed countries: UN classification,2114.504976,2201.342452,2289.372214,2408.471274,2557.73735,2631.3964140000003,2712.5408399999997,2845.804898,2989.066038
134,Low income,1836.899321,1881.139271,1865.438068,1954.479219,2102.1555359999998,2201.436913,2244.722263,2320.749941,2407.785716
135,Liechtenstein,,,,,,,,,
136,Sri Lanka,8194.269658,9007.657363,10315.18025,10852.064040000001,11256.85605,11557.48705,12224.21577,12584.10442,13168.17142
137,Lower middle income,4479.933776,4719.158783,5049.298097999999,5277.770925,5444.910473,5613.958344,5857.290233,6129.091753,6518.292936
138,Low & middle income,7544.024434999999,8086.942341,8553.198016,8946.511663,9213.069696999999,9278.374509000001,9563.189334,10022.88802,10646.25585
139,Lesotho,2173.5723989999997,2328.231961,2354.102063,2621.936623,2871.684565,3093.710719,3063.028826,2783.115662,2813.400913
140,Late-demographic dividend,11553.38327,12619.986340000001,13474.0322,14219.83675,14708.17899,14732.42275,15180.875740000001,16027.52342,17232.2447
141,Lithuania,20053.90408,22823.95416,24645.69354,26679.97857,28156.18584,28823.818089999997,30924.93094,33821.19545,35831.86282
142,Luxembourg,85677.63343999999,92005.01684,91622.17742,95590.5387,101297.5757,103750.7751,110649.6966,112822.6058,116786.48
143,Latvia,17600.41724,19789.47784,21291.23124,22692.81035,23844.296319999998,24830.92297,26404.525690000002,28488.92361,30644.608289999996
144,"Macao SAR, China",99166.90273,120358.9319,133521.443,153609.8402,154095.7039,117110.1878,115698.0592,126918.2265,135020.7802
145,St. Martin (French part),,,,,,,,,
146,Morocco,6332.123545,6712.326003,6702.418324,6916.0154569999995,6609.609108,7024.963089,7112.999215000001,7314.154487000001,7613.142868000001
147,Monaco,,,,,,,,,
148,Moldova,6396.089272,6913.6022920000005,7363.162319,8381.671833,8827.054108,9254.848605,10610.477840000001,11651.31745,12665.003690000001
149,Madagascar,1534.8912779999998,1548.327823,1530.934508,1535.4891619999999,1555.82338,1546.8371140000002,1606.666934,1584.422678,1651.168811
150,Maldives,12712.204179999999,13542.92749,13690.528409999999,14774.150090000001,15993.16898,16768.69732,17411.05432,17988.69,18945.25865
151,Middle East & North Africa,17316.042830000002,17905.131690000002,18489.49276,18369.932119999998,18063.074630000003,16283.34781,15931.464880000001,16573.71117,17106.74586
152,Mexico,15260.62055,16520.25851,17162.927519999997,17373.89702,18045.98446,18284.882840000002,19314.25736,19795.8685,20396.47771
153,Marshall Islands,3252.367857,3285.582535,3258.5007739999996,3425.601546,3443.028342,3519.2181450000003,3585.710747,3780.93897,3986.06801
154,Middle income,8132.69157,8734.729873999999,9258.695459,9694.615934,9987.729952,10063.65403,10386.745159999999,10901.881220000001,11599.57995
155,North Macedonia,11282.2495,11611.24772,11839.70875,12653.552290000001,13368.18238,13831.1228,14983.166469999998,15528.910030000001,16517.49901
156,Mali,1787.1615550000001,1826.6477920000002,1763.839478,1812.965118,1915.368491,2032.6656670000002,2188.081627,2248.260816,2336.97532
157,Malta,27829.82422,28601.701139999997,29423.399610000004,31078.43944,33387.07263,36083.36776,38699.6095,41554.93791,43555.205089999996
158,Myanmar,3243.000489,3469.139221,3727.1420630000002,4016.3166929999998,4245.80704,4416.546732,4492.0183210000005,4739.910118,5147.854050999999
159,Middle East & North Africa (excluding high income),11548.884759999999,11503.45887,11807.450640000001,11694.2542,11368.958120000001,10675.7136,10608.92463,10897.674809999999,
160,Montenegro,13645.154030000002,14472.47919,13863.964780000002,14870.173,15371.12201,16337.1426,18085.02979,19627.08163,21236.471019999997
161,Mongolia,7581.563396,8912.857305,10227.52665,10549.85911,11056.309809999999,10767.1332,10742.65309,11311.79382,12196.750259999999
162,Northern Mariana Islands,,,,,,,,,
163,Mozambique,959.0600426000001,1023.066111,1035.5239609999999,1084.985842,1139.053569,1291.2679859999998,1363.674365,1283.65987,1319.972243
164,Mauritania,4092.08467,4225.568913,4262.064847,4481.255364,4295.049304,4200.155677000001,4700.104005,5077.195471999999,5161.408836
165,Mauritius,15698.52215,16653.2438,16963.51124,17866.306819999998,18488.04679,19229.83549,20701.218969999998,21415.11611,22732.23453
166,Malawi,1021.8589880000001,1062.954455,1034.020079,1108.513657,1078.980573,1018.935262,1025.010957,1037.545868,1067.126779
167,Malaysia,20508.75245,21704.74958,22985.825380000002,23478.0318,24607.707459999998,24801.88695,25546.00923,26648.32965,28186.704939999996
168,North America,47633.44445,49063.4305,50683.85758,52237.7196,54118.09985,55606.596139999994,56778.05535,58815.11377,61682.674979999996
169,Namibia,8377.434643999999,8830.223647,9341.076890999999,9709.591640999999,10400.769540000001,10574.147990000001,10372.324929999999,10050.501209999999,10166.33727
170,New Caledonia,,,,,,,,,
171,Niger,1054.102947,1059.685982,1150.523555,1119.837709,1137.220911,1143.2735289999998,1140.9872699999999,1161.657065,1224.708549
172,Nigeria,4703.205009,4922.702617,4982.946471,5225.174454999999,5507.1704,5426.332967,5234.67786,5190.354386,5276.718424000001
173,Nicaragua,3981.0456090000002,4263.154888,4427.932029,4610.305065,4941.71653,5293.865358,5694.0357,6004.031789,5829.257301
174,Netherlands,45074.039939999995,46599.02103,47272.10302,49241.51784,49233.2154,50302.06775,52283.15685,55347.91239,57565.19756
175,Norway,57958.37436,62076.74066,65354.77925,66961.2531,65892.68927999999,60385.116760000004,58933.95578,62940.5875,67640.18138
176,Nepal,1897.781558,2001.6283039999998,2176.149302,2349.625078,2593.438375,2633.3953100000003,2582.943673,3099.306082,3329.49805
177,Nauru,5970.738366,6670.33905,7407.286562,9351.513568,11009.45167,10963.95195,10974.72774,10682.234709999999,11758.09512
178,New Zealand,31261.93953,32743.90075,32996.34541,36231.10046,37276.94397,37530.03908,39990.55728,41493.03413,42810.837510000005
179,OECD members,34450.27903,35873.967710000004,36851.35435,38152.27927,39287.34904,40408.90764,41735.46544,43398.10737,44950.54656
180,Oman,46076.17023,43517.85927,44569.88624,42201.40462,38811.103610000006,31113.59125,28926.138189999998,29083.236689999998,29268.556660000002
181,Other small states,22419.863240000002,24192.338030000003,25302.4748,25584.90074,25406.73238,21699.135980000003,21159.62688,22960.780909999998,23542.57628
182,Pakistan,3890.290662,3993.5501310000004,4018.7037689999997,4103.584078,4238.594521,4373.014234,4410.094753,4571.4144909999995,4851.612751
183,Panama,15153.527619999999,16923.9164,18679.55255,20809.91213,22897.39549,25319.22938,27828.52345,30454.763810000004,31781.844289999997
184,Peru,9730.423115000001,10476.7949,10767.67806,11295.96289,11510.28385,11572.32269,12013.37894,12506.53017,13084.00103
185,Philippines,5626.281401,5865.343674000001,6296.827679,6614.683925,6960.9006469999995,7186.768857999999,7703.753729000001,8120.842309000001,8717.047981
186,Palau,13411.10076,14527.31939,15168.30838,15245.61141,16195.012519999998,17977.53101,18256.89903,17865.79081,18496.435690000002
187,Papua New Guinea,3039.7862370000003,3069.7580989999997,3206.196245,3318.804771,3763.077881,4081.2982439999996,4209.043661,4353.270268,4335.899259000001
188,Poland,21064.085180000002,22850.63885,23833.2097,24719.24751,25612.257830000002,26856.28883,28283.701439999997,30152.74157,31834.4091
189,Pre-demographic dividend,3121.795328,3252.566829,3354.129445,3494.1849729999994,3591.839176,3464.478494,3413.2652659999994,3514.30296,3581.2157869999996
190,Puerto Rico,30925.400830000002,31824.15484,32582.622410000004,33172.67126,33682.85003,34016.02235,34346.86733,34363.745989999996,34921.13875
191,"Korea, Dem. Peopleâ€™s Rep.",,,,,,,,,
192,Portugal,27280.16586,26769.51189,26438.0163,27936.039660000002,28742.44038,29668.8592,31604.54631,33086.09677,34340.71335
193,Paraguay,9993.03297,10490.93554,10022.12546,11086.74562,11425.66114,11471.49423,12029.96623,12594.34143,13153.16003
194,West Bank and Gaza,3584.086975,4010.5997979999997,4631.233213,4729.1426329999995,5008.302272,5400.655659,5495.10553,5754.7792420000005,5795.231559000001
195,Pacific island small states,4961.41879,5189.224475999999,5406.394254,5665.004243,6348.551185,6768.74732,6888.02054,7200.627288,7473.748705
196,Post-demographic dividend,37900.10575,39324.36755,40381.669539999995,41851.85509,43006.56345,44127.80687,45590.5732,47466.20628,49291.01717
197,French Polynesia,,,,,,,,,
198,Qatar,132048.1337,139358.3543,141634.9725,138230.1373,129068.8681,92968.09041,83102.48567000001,95058.46833999999,96732.66318999999
199,Romania,16979.0733,17907.661669999998,18931.65449,19797.26555,20623.262459999998,21631.49769,24165.75257,27191.668660000003,29213.841460000003
200,Russian Federation,20490.12672,22798.674430000003,24303.47341,26073.87453,25761.64802,24085.32418,24125.39886,26005.97994,28763.516630000002
201,Rwanda,1355.539146,1457.122365,1495.911215,1550.2881619999998,1714.572118,1813.750518,1891.834452,1975.252453,2137.850034
202,South Asia,4005.235429,4237.678568,4566.873951,4752.153577,4928.7991409999995,5137.335557,5455.149571,5772.075177000001,6194.34213
203,Saudi Arabia,51529.83578,56132.95752999999,57364.43222,55907.39417000001,55725.397560000005,48611.14527,45485.659569999996,47309.1246,48719.86405
204,Sudan,3168.5517839999998,3673.4869020000006,4102.80843,4189.448778,4734.833046,5047.927788,4415.769525,4362.578409000001,4258.775161
205,Senegal,2662.686941,2682.693606,2764.783809,2749.221591,2830.699106,2971.344983,3075.934479,3203.9007579999998,3393.00442
206,Singapore,75294.35655,80052.3915,82064.96119,83001.7878,84423.19134,86974.74762000001,89386.0794,94940.97078999999,100051.4344
207,Solomon Islands,1832.831573,2064.595803,2142.507048,2185.868783,2216.265053,2235.826964,2271.613906,2337.642684,2421.015878
208,Sierra Leone,1134.0885560000002,1203.210272,1405.5744240000001,1746.554465,1787.64913,1586.688648,1596.620542,1642.606593,1702.54097
209,El Salvador,6127.039118,6465.874715,6541.166340999999,6877.153044,7233.190625,7597.685570000001,8038.625529000001,8454.058198,8818.877207
210,San Marino,62761.4508,57943.44687000001,54447.092000000004,53466.73642,55420.29306,55598.21607,57474.11697999999,58860.75306,60750.44776
211,Somalia,,,,,,,,,
212,Serbia,12806.86247,13746.948669999998,13933.91998,14629.03831,14659.54911,14922.05991,15734.332890000001,16534.33908,17563.16537
213,Sub-Saharan Africa (excluding high income),3157.226229,3291.7793739999997,3319.63348,3489.7018840000005,3647.069008,3676.127915,3665.065582,3730.745214,3823.991974
214,South Sudan,3020.950547,2844.516128,1519.142464,2099.235642,1495.5096119999998,,,,
215,Sub-Saharan Africa,3176.942236,3312.335577,3340.053004,3510.681478,3668.278628,3697.758168,3688.153463,3754.1843689999996,3848.406984
216,Small states,19746.53818,21172.07955,22030.012290000002,22330.99556,22288.01649,19496.63101,19105.04045,20584.48035,21148.91776
217,Sao Tome and Principe,2876.891114,2997.1524719999998,2954.5791670000003,3318.885261,3817.4179259999996,3837.7292429999998,3889.389392,3915.732375,4037.852314
218,Suriname,13548.405190000001,14475.01851,15785.1819,16815.233330000003,17261.23158,16072.21626,14206.519869999998,16341.448919999999,17001.347840000002
219,Slovak Republic,25171.61311,26049.792380000003,26933.42222,27967.1723,28991.56583,29924.12155,29651.52413,30907.422789999997,32574.823139999997
220,Slovenia,27845.51199,28931.383710000002,29042.82027,29973.69911,30870.02367,31636.750030000003,33868.31558,36650.802189999995,38749.25198
221,Sweden,42252.146689999994,44608.58026,45432.43197,46312.392380000005,47184.66913,49116.307839999994,50425.154630000005,52739.01139,53746.799170000006
222,Eswatini,7771.360631999999,8057.541253,8266.681515999999,8708.795992,8796.98244,8843.699095,8762.409643,8493.901672,8809.15287
223,Sint Maarten (Dutch part),34232.355110000004,37233.96838,32878.44088,32478.298960000004,33013.232710000004,32520.0929,32432.993430000002,32256.33331,
224,Seychelles,19387.862530000002,21922.739530000003,21565.037999999997,22369.391219999998,23889.783730000003,24067.19459,25681.31267,27242.65605,28657.408330000002
225,Syrian Arab Republic,,,,,,,,,
226,Turks and Caicos Islands,,21231.92553,19069.883990000002,19761.58739,21583.23637,22855.1657,24257.05814,25477.41616,27055.173510000004
227,Chad,1819.6947670000002,1797.7493600000003,1730.793693,1569.059772,1677.090699,1820.059393,1664.511672,1587.03106,1613.514935
228,East Asia & Pacific (IDA & IBRD countries),8797.350642,9652.500237999999,10465.95398,11070.26245,11585.8596,11919.415490000001,12443.3107,13123.12612,14197.40605
229,Europe & Central Asia (IDA & IBRD countries),15898.61235,17452.34739,18447.44428,19760.48882,20225.76608,19978.59904,20544.01914,21930.3687,23350.86007
230,Togo,1144.331515,1210.142114,1227.156159,1275.325318,1328.380291,1397.333165,1453.747599,1516.5260460000002,1589.183015
231,Thailand,13195.37188,13519.12842,14870.978180000002,15407.669469999999,15480.21135,15822.35326,16618.76219,17420.56515,18513.293569999998
232,Tajikistan,2328.444563,2496.5812309999997,2750.356111,3027.81901,3303.096196,2991.653596,3097.202027,3089.5302079999997,3311.051043
233,Turkmenistan,9810.608197,11294.94843,12057.19597,12739.18195,13490.987159999999,13690.604269999998,13866.324719999999,14205.02158,15195.633469999999
234,Latin America & the Caribbean (IDA & IBRD countries),13333.0201,14217.31561,14507.407469999998,14997.674309999999,15320.19192,15106.599709999999,15345.69519,16002.36644,16489.8854
235,Timor-Leste,1964.5154870000001,2084.59193,2320.073922,2483.1706,2721.056497,2916.823573,3140.873946,3165.799424,3152.5708670000004
236,Middle East & North Africa (IDA & IBRD countries),11642.27369,11591.79497,11892.415729999999,11777.14025,11444.77228,10738.39488,10669.88514,10959.06451,
237,Tonga,4889.298528,5151.454825,5339.532136,5313.805671,5567.035411,5849.717335,6092.258366,6321.606933,6414.7827210000005
238,South Asia (IDA & IBRD),4005.235429,4237.678568,4566.873951,4752.153577,4928.7991409999995,5137.335557,5455.149571,5772.075177000001,6194.34213
239,Sub-Saharan Africa (IDA & IBRD countries),3176.942236,3312.335577,3340.053004,3510.681478,3668.278628,3697.758168,3688.153463,3754.1843689999996,3848.406984
240,Trinidad and Tobago,30528.82418,30888.02903,30063.2604,30059.893289999996,29698.46095,27510.40683,26270.08901,26447.593269999998,26892.8681
241,Tunisia,10155.481170000001,10067.90622,10217.125090000001,10231.72172,10446.05139,10208.73928,10359.3024,10605.25721,11017.77777
242,Turkey,17438.8972,19651.678480000002,20616.86987,22269.037659999998,23967.11803,25625.574630000003,26329.36017,27934.16733,28139.143760000003
243,Tuvalu,2925.616097,3180.104184,3086.009247,3248.194851,3319.1048600000004,3619.410338,3727.711339,3903.6550049999996,4046.549672
244,Tanzania,2088.098056,2228.705387,2099.4543489999996,2194.924069,2243.625706,2348.443729,2479.261261,2530.438453,2651.091047
245,Uganda,2071.696425,2241.1234059999997,1997.5339579999998,1997.9113730000001,2071.449012,2111.494107,2075.606228,2074.860241,2172.185054
246,Ukraine,8245.375241,8909.659608,9343.330740000001,10691.76468,10743.58636,10164.32733,11148.19655,11871.12362,12629.14166
247,Upper middle income,11623.192490000001,12602.11898,13340.6371,14007.469830000002,14453.339030000001,14464.8317,14895.484519999998,15684.910390000001,16728.17464
248,Uruguay,16817.069040000002,18002.85108,18192.33509,19130.04446,20093.65361,20217.58414,20669.81236,21324.846,22100.31064
249,United States,48467.51578,49886.81811,51610.60528,53117.66783,55047.72556,56822.518820000005,57927.51685,59957.72585,62996.664820000005
250,Uzbekistan,5124.122722,5489.078964,5712.824303,5942.396759,6158.502459,6343.1497420000005,6452.927938000001,6518.804687,6914.889512999999
251,St. Vincent and the Grenadines,10139.81854,10302.42035,10457.15843,10909.465040000001,11310.13101,11641.84016,12456.95412,12245.01484,12760.58515
252,"Venezuela, RB",16740.36942,17527.447790000002,,,,,,,
253,British Virgin Islands,,,,,,,,,
254,Virgin Islands (U.S.),,,,,,,,,
255,Vietnam,4213.295913,4523.243719,5042.449686,5358.894732,5745.158585,6102.637264,6573.096338,7155.745829,7765.400251999999
256,Vanuatu,2888.738336,2905.9047219999998,2930.914618,2956.516263,2997.162069,2953.1021969999997,3009.125533,3121.114376,3203.74158
257,World,12897.70234,13583.298359999999,14125.563419999999,14645.8618,15024.35575,15172.174519999999,15583.56532,16248.707180000001,17024.73813
258,Samoa,5360.970588,5655.137396,5480.6059079999995,5505.993534,5570.620554,5831.52564,6336.645642,6495.387724,6478.707771
259,Kosovo,7782.947104999999,8222.225939,8477.469769,8805.379754000001,9043.183283,9575.75488,10062.108259999999,10530.48166,11152.38103
260,"Yemen, Rep.",4162.088451,3607.090263,3491.204325,3688.5198490000002,,,,,
261,South Africa,11721.555059999999,12172.31474,12057.26871,12450.4975,12520.71375,12552.34013,12592.48687,12703.421240000001,12928.79421
262,Zambia,3178.872797,3323.939045,3422.6263259999996,3578.85319,3539.434996,3430.4035759999997,3404.663123,3485.0021030000003,3604.628943
263,Zimbabwe,1830.8280539999998,2101.8251920000002,2375.930267,2560.7774870000003,2612.46153,2679.510136,2806.458631,3028.245976,3203.888554
